File,LOC,SLOC-P,SLOC-L,MVG,BLOC,C&SLOC,CLOC,CWORD,HCLOC,HCWORD
D:\engine\proteus\source\prConfig.h,171,79,1,0,42,21,50,313,15,98
D:\engine\proteus\source\proteus.h,207,159,0,0,19,2,29,129,15,98
D:\engine\proteus\source\prVerNum.h,2,1,0,0,1,0,0,0,0,0
D:\engine\proteus\source\achievements\prAchievementManager.cpp,1297,537,299,62,185,3,575,1391,18,102
D:\engine\proteus\source\achievements\prAchievement_android.cpp,65,21,9,3,15,0,29,139,18,102
D:\engine\proteus\source\achievements\prAchievement_bada.cpp,61,19,9,2,15,1,27,128,18,102
D:\engine\proteus\source\achievements\prAchievement_ios.cpp,98,26,11,4,23,0,49,173,18,102
D:\engine\proteus\source\achievements\prAchievement_linux.cpp,65,21,9,3,16,0,28,137,18,102
D:\engine\proteus\source\achievements\prAchievement_pc.cpp,54,18,10,2,9,0,27,136,18,102
D:\engine\proteus\source\achievements\prLeaderboards.cpp,65,20,7,2,11,0,34,166,18,102
D:\engine\proteus\source\achievements\prAchievementManager.h,191,78,47,0,49,14,64,372,16,100
D:\engine\proteus\source\achievements\prAchievement_android.h,46,11,5,0,11,1,24,131,16,100
D:\engine\proteus\source\achievements\prAchievement_bada.h,46,11,5,0,11,1,24,131,16,100
D:\engine\proteus\source\achievements\prAchievement_base.h,64,20,11,1,14,1,30,144,16,100
D:\engine\proteus\source\achievements\prAchievement_ios.h,46,11,5,0,11,1,24,131,16,100
D:\engine\proteus\source\achievements\prAchievement_linux.h,47,12,5,0,11,1,24,131,16,100
D:\engine\proteus\source\achievements\prAchievement_pc.h,46,11,5,0,11,1,24,131,16,100
D:\engine\proteus\source\achievements\prLeaderboards.h,42,10,4,0,10,1,22,131,16,100
D:\engine\proteus\source\actor\prActor.cpp,50,16,10,0,9,0,25,115,18,102
D:\engine\proteus\source\actor\prActorManager.cpp,286,180,97,31,50,0,56,217,18,102
D:\engine\proteus\source\actor\prActor.h,160,50,36,0,41,3,69,214,16,86
D:\engine\proteus\source\actor\prActorManager.h,129,29,20,0,28,1,72,252,16,86
D:\engine\proteus\source\adverts\prAdvertProvider.cpp,69,23,12,3,13,0,33,144,18,102
D:\engine\proteus\source\adverts\prAdvertProvider_AdMob.cpp,124,50,19,2,26,2,48,188,18,102
D:\engine\proteus\source\adverts\prAdvertProvider_iAds.cpp,124,50,19,2,28,2,46,187,18,102
D:\engine\proteus\source\adverts\prAdverts.cpp,138,67,33,4,29,0,42,158,18,102
D:\engine\proteus\source\adverts\prAdvertProvider.h,118,46,22,0,31,9,41,235,16,100
D:\engine\proteus\source\adverts\prAdvertProvider_AdMob.h,70,20,13,0,18,1,32,136,16,100
D:\engine\proteus\source\adverts\prAdvertProvider_iAds.h,71,21,13,0,18,1,32,136,16,100
D:\engine\proteus\source\adverts\prAdverts.h,91,28,17,0,24,3,39,159,16,100
D:\engine\proteus\source\analytics\prAnalytics.cpp,97,41,18,5,20,0,36,152,18,102
D:\engine\proteus\source\analytics\prAnalyticsBase.cpp,57,16,6,0,11,0,30,134,18,102
D:\engine\proteus\source\analytics\prAnalyticsFlurry.cpp,104,37,13,2,25,0,42,170,18,102
D:\engine\proteus\source\analytics\prAnalytics.h,64,16,10,0,17,1,31,143,16,100
D:\engine\proteus\source\analytics\prAnalyticsBase.h,51,12,7,0,11,1,28,135,16,100
D:\engine\proteus\source\analytics\prAnalyticsFlurry.h,54,13,7,0,13,1,28,131,16,100
D:\engine\proteus\source\android\prJNIInterface.cpp,1206,763,448,168,210,0,233,543,18,102
D:\engine\proteus\source\android\prJNIInterface.h,46,7,4,0,13,1,26,135,16,100
D:\engine\proteus\source\audio\prOpenALDeviceList.cpp,215,120,61,23,49,1,46,248,18,102
D:\engine\proteus\source\audio\prOpenALErrors.cpp,337,214,102,48,85,2,38,164,18,102
D:\engine\proteus\source\audio\prSoundManager.cpp,183,105,57,9,32,0,46,199,18,102
D:\engine\proteus\source\audio\prSoundManagerShared.cpp,97,48,8,1,20,0,29,133,18,102
D:\engine\proteus\source\audio\prSoundManager_Android.cpp,248,106,51,7,55,1,87,266,18,102
D:\engine\proteus\source\audio\prSoundManager_Ios.cpp,1097,695,349,112,208,1,194,567,18,102
D:\engine\proteus\source\audio\prSoundManager_PC.cpp,1364,955,486,141,260,1,149,522,18,102
D:\engine\proteus\source\audio\prWaves.cpp,512,355,194,56,87,4,70,288,19,103
D:\engine\proteus\source\audio\prOpenALDeviceList.h,79,27,16,0,22,1,30,175,16,100
D:\engine\proteus\source\audio\prOpenALErrors.h,80,42,9,3,16,2,22,118,16,100
D:\engine\proteus\source\audio\prSoundManager.h,237,66,57,0,53,1,118,455,16,100
D:\engine\proteus\source\audio\prSoundManagerShared.h,119,47,20,0,23,8,49,196,16,100
D:\engine\proteus\source\audio\prSoundManager_Android.h,167,35,25,0,39,2,93,342,16,100
D:\engine\proteus\source\audio\prSoundManager_Ios.h,167,45,33,0,39,2,83,323,16,100
D:\engine\proteus\source\audio\prSoundManager_PC.h,215,63,47,0,47,2,105,394,16,100
D:\engine\proteus\source\audio\prWaves.h,152,45,17,0,30,1,77,234,16,100
D:\engine\proteus\source\audio\external\codec.h,244,134,102,0,45,4,65,430,16,83
D:\engine\proteus\source\audio\external\ogg.h,210,136,137,0,37,12,37,297,16,85
D:\engine\proteus\source\audio\external\os_types.h,148,96,65,0,26,2,26,140,16,93
D:\engine\proteus\source\audio\external\vorbisenc.h,437,66,26,0,34,5,337,2112,21,115
D:\engine\proteus\source\audio\external\vorbisfile.h,207,125,83,4,37,7,45,384,16,87
D:\engine\proteus\source\Box2D\Box2D.h,69,31,0,0,11,0,27,182,17,154
D:\engine\proteus\source\Box2D\Collision\b2BroadPhase.cpp,126,88,52,9,18,1,20,190,17,154
D:\engine\proteus\source\Box2D\Collision\b2CollideCircle.cpp,155,113,78,9,19,0,23,187,17,154
D:\engine\proteus\source\Box2D\Collision\b2CollideEdge.cpp,699,562,386,51,83,0,54,391,17,154
D:\engine\proteus\source\Box2D\Collision\b2CollidePolygon.cpp,240,164,123,15,40,3,36,291,17,154
D:\engine\proteus\source\Box2D\Collision\b2Collision.cpp,253,179,113,33,39,0,35,248,17,154
D:\engine\proteus\source\Box2D\Collision\b2Distance.cpp,604,414,283,61,83,6,107,621,17,154
D:\engine\proteus\source\Box2D\Collision\b2DynamicTree.cpp,785,594,414,67,128,1,63,430,17,154
D:\engine\proteus\source\Box2D\Collision\b2TimeOfImpact.cpp,487,344,252,44,87,1,56,416,17,154
D:\engine\proteus\source\Box2D\Collision\b2BroadPhase.h,258,145,88,18,55,0,58,574,17,154
D:\engine\proteus\source\Box2D\Collision\b2Collision.h,278,159,99,10,42,22,77,816,17,154
D:\engine\proteus\source\Box2D\Collision\b2Distance.h,142,82,56,8,25,6,35,321,17,154
D:\engine\proteus\source\Box2D\Collision\b2DynamicTree.h,290,166,112,15,57,0,67,667,17,154
D:\engine\proteus\source\Box2D\Collision\b2TimeOfImpact.h,59,27,14,0,8,1,24,231,17,154
D:\engine\proteus\source\Box2D\Collision\Shapes\b2ChainShape.cpp,195,146,97,10,29,1,20,199,17,154
D:\engine\proteus\source\Box2D\Collision\Shapes\b2CircleShape.cpp,100,58,39,8,16,0,26,211,17,154
D:\engine\proteus\source\Box2D\Collision\Shapes\b2EdgeShape.cpp,139,90,61,13,22,0,27,239,17,154
D:\engine\proteus\source\Box2D\Collision\Shapes\b2PolygonShape.cpp,460,304,205,47,75,0,81,583,17,154
D:\engine\proteus\source\Box2D\Collision\Shapes\b2ChainShape.h,103,36,27,0,22,0,45,360,17,154
D:\engine\proteus\source\Box2D\Collision\Shapes\b2CircleShape.h,92,43,28,3,20,0,29,211,17,154
D:\engine\proteus\source\Box2D\Collision\Shapes\b2EdgeShape.h,75,31,22,0,15,0,29,225,17,154
D:\engine\proteus\source\Box2D\Collision\Shapes\b2PolygonShape.h,102,38,27,1,20,0,44,361,17,154
D:\engine\proteus\source\Box2D\Collision\Shapes\b2Shape.h,102,39,21,1,19,0,44,426,17,154
D:\engine\proteus\source\Box2D\Common\b2BlockAllocator.cpp,226,171,96,19,37,15,18,188,17,154
D:\engine\proteus\source\Box2D\Common\b2Draw.cpp,45,21,10,1,7,0,17,154,17,154
D:\engine\proteus\source\Box2D\Common\b2Math.cpp,95,60,43,6,12,0,23,212,17,154
D:\engine\proteus\source\Box2D\Common\b2Settings.cpp,45,20,11,1,6,0,19,172,17,154
D:\engine\proteus\source\Box2D\Common\b2StackAllocator.cpp,84,56,36,4,11,0,17,154,17,154
D:\engine\proteus\source\Box2D\Common\b2Timer.cpp,102,65,35,5,20,0,17,154,17,154
D:\engine\proteus\source\Box2D\Common\b2BlockAllocator.h,63,27,20,0,14,0,22,206,17,154
D:\engine\proteus\source\Box2D\Common\b2Draw.h,87,37,23,0,19,5,31,279,17,154
D:\engine\proteus\source\Box2D\Common\b2GrowableStack.h,91,59,30,5,12,1,20,200,17,154
D:\engine\proteus\source\Box2D\Common\b2Math.h,721,465,286,59,118,3,138,1157,17,154
D:\engine\proteus\source\Box2D\Common\b2Settings.h,152,50,17,0,37,3,65,610,17,154
D:\engine\proteus\source\Box2D\Common\b2StackAllocator.h,61,28,20,0,13,1,20,183,17,154
D:\engine\proteus\source\Box2D\Common\b2Timer.h,51,19,9,0,10,0,22,187,17,154
D:\engine\proteus\source\Box2D\Dynamics\b2Body.cpp,550,412,279,52,93,0,45,343,17,154
D:\engine\proteus\source\Box2D\Dynamics\b2ContactManager.cpp,297,203,132,28,47,0,47,321,17,154
D:\engine\proteus\source\Box2D\Dynamics\b2Fixture.cpp,304,233,155,24,45,0,26,211,17,154
D:\engine\proteus\source\Box2D\Dynamics\b2Island.cpp,540,303,210,33,71,0,166,1238,17,154
D:\engine\proteus\source\Box2D\Dynamics\b2World.cpp,1347,1015,642,153,222,1,110,755,17,154
D:\engine\proteus\source\Box2D\Dynamics\b2WorldCallbacks.cpp,37,13,7,3,5,0,19,181,17,154
D:\engine\proteus\source\Box2D\Dynamics\b2Body.h,861,493,313,58,165,2,203,1995,17,154
D:\engine\proteus\source\Box2D\Dynamics\b2ContactManager.h,53,23,17,0,11,0,19,159,17,154
D:\engine\proteus\source\Box2D\Dynamics\b2Fixture.h,346,185,127,16,75,0,86,810,17,154
D:\engine\proteus\source\Box2D\Dynamics\b2Island.h,94,58,41,0,18,0,18,160,17,154
D:\engine\proteus\source\Box2D\Dynamics\b2TimeStep.h,71,40,31,0,9,3,22,195,17,154
D:\engine\proteus\source\Box2D\Dynamics\b2World.h,344,161,118,15,75,0,108,1031,17,154
D:\engine\proteus\source\Box2D\Dynamics\b2WorldCallbacks.h,156,61,41,0,20,0,75,739,17,154
D:\engine\proteus\source\Box2D\Dynamics\Contacts\b2ChainAndCircleContact.cpp,54,30,14,1,7,0,17,154,17,154
D:\engine\proteus\source\Box2D\Dynamics\Contacts\b2ChainAndPolygonContact.cpp,54,30,14,1,7,0,17,154,17,154
D:\engine\proteus\source\Box2D\Dynamics\Contacts\b2CircleContact.cpp,53,29,11,1,7,0,17,154,17,154
D:\engine\proteus\source\Box2D\Dynamics\Contacts\b2Contact.cpp,248,181,114,18,43,0,24,203,17,154
D:\engine\proteus\source\Box2D\Dynamics\Contacts\b2ContactSolver.cpp,834,546,447,37,154,0,134,768,17,154
D:\engine\proteus\source\Box2D\Dynamics\Contacts\b2EdgeAndCircleContact.cpp,50,26,11,1,7,0,17,154,17,154
D:\engine\proteus\source\Box2D\Dynamics\Contacts\b2EdgeAndPolygonContact.cpp,50,26,11,1,7,0,17,154,17,154
D:\engine\proteus\source\Box2D\Dynamics\Contacts\b2PolygonAndCircleContact.cpp,50,26,11,1,7,0,17,154,17,154
D:\engine\proteus\source\Box2D\Dynamics\Contacts\b2PolygonContact.cpp,53,29,11,1,7,0,17,154,17,154
D:\engine\proteus\source\Box2D\Dynamics\Contacts\b2ChainAndCircleContact.h,40,15,8,0,8,0,17,154,17,154
D:\engine\proteus\source\Box2D\Dynamics\Contacts\b2ChainAndPolygonContact.h,40,15,8,0,8,0,17,154,17,154
D:\engine\proteus\source\Box2D\Dynamics\Contacts\b2CircleContact.h,40,15,8,0,8,0,17,154,17,154
D:\engine\proteus\source\Box2D\Dynamics\Contacts\b2Contact.h,350,212,136,18,75,4,63,604,17,154
D:\engine\proteus\source\Box2D\Dynamics\Contacts\b2ContactSolver.h,96,65,54,0,14,0,17,154,17,154
D:\engine\proteus\source\Box2D\Dynamics\Contacts\b2EdgeAndCircleContact.h,40,15,8,0,8,0,17,154,17,154
D:\engine\proteus\source\Box2D\Dynamics\Contacts\b2EdgeAndPolygonContact.h,40,15,8,0,8,0,17,154,17,154
D:\engine\proteus\source\Box2D\Dynamics\Contacts\b2PolygonAndCircleContact.h,39,14,8,0,8,0,17,154,17,154
D:\engine\proteus\source\Box2D\Dynamics\Contacts\b2PolygonContact.h,40,15,8,0,8,0,17,154,17,154
D:\engine\proteus\source\Box2D\Dynamics\Joints\b2DistanceJoint.cpp,261,179,140,10,44,0,38,301,17,154
D:\engine\proteus\source\Box2D\Dynamics\Joints\b2FrictionJoint.cpp,252,166,124,10,48,0,38,265,17,154
D:\engine\proteus\source\Box2D\Dynamics\Joints\b2GearJoint.cpp,420,317,259,14,63,0,40,283,17,154
D:\engine\proteus\source\Box2D\Dynamics\Joints\b2Joint.cpp,212,161,98,28,34,0,17,154,17,154
D:\engine\proteus\source\Box2D\Dynamics\Joints\b2MotorJoint.cpp,305,211,153,15,56,0,38,265,17,154
D:\engine\proteus\source\Box2D\Dynamics\Joints\b2MouseJoint.cpp,223,145,97,13,42,0,36,271,17,154
D:\engine\proteus\source\Box2D\Dynamics\Joints\b2PrismaticJoint.cpp,627,442,336,30,91,0,94,650,17,154
D:\engine\proteus\source\Box2D\Dynamics\Joints\b2PulleyJoint.cpp,349,253,186,19,62,0,34,272,17,154
D:\engine\proteus\source\Box2D\Dynamics\Joints\b2RevoluteJoint.cpp,503,381,276,28,78,0,44,295,17,154
D:\engine\proteus\source\Box2D\Dynamics\Joints\b2RopeJoint.cpp,242,171,131,11,43,0,28,233,17,154
D:\engine\proteus\source\Box2D\Dynamics\Joints\b2WeldJoint.cpp,329,220,180,9,68,0,41,273,17,154
D:\engine\proteus\source\Box2D\Dynamics\Joints\b2WheelJoint.cpp,420,300,232,18,78,0,42,301,17,154
D:\engine\proteus\source\Box2D\Dynamics\Joints\b2DistanceJoint.h,170,90,67,3,33,0,47,397,17,154
D:\engine\proteus\source\Box2D\Dynamics\Joints\b2FrictionJoint.h,120,59,49,0,26,0,35,284,17,154
D:\engine\proteus\source\Box2D\Dynamics\Joints\b2GearJoint.h,126,60,50,0,26,0,40,333,17,154
D:\engine\proteus\source\Box2D\Dynamics\Joints\b2Joint.h,227,133,87,7,47,4,47,474,17,154
D:\engine\proteus\source\Box2D\Dynamics\Joints\b2MotorJoint.h,134,68,58,0,28,0,38,325,17,154
D:\engine\proteus\source\Box2D\Dynamics\Joints\b2MouseJoint.h,130,59,49,0,26,0,45,366,17,154
D:\engine\proteus\source\Box2D\Dynamics\Joints\b2PrismaticJoint.h,197,97,85,1,41,0,59,523,17,154
D:\engine\proteus\source\Box2D\Dynamics\Joints\b2PulleyJoint.h,153,76,63,0,31,0,46,417,17,154
D:\engine\proteus\source\Box2D\Dynamics\Joints\b2RevoluteJoint.h,205,91,79,1,44,2,70,626,17,154
D:\engine\proteus\source\Box2D\Dynamics\Joints\b2RopeJoint.h,115,55,45,0,20,0,40,337,17,154
D:\engine\proteus\source\Box2D\Dynamics\Joints\b2WeldJoint.h,127,63,53,0,26,0,38,324,17,154
D:\engine\proteus\source\Box2D\Dynamics\Joints\b2WheelJoint.h,212,111,89,4,47,0,54,493,17,154
D:\engine\proteus\source\Box2D\Rope\b2Rope.cpp,260,194,138,18,49,0,17,154,17,154
D:\engine\proteus\source\Box2D\Rope\b2Rope.h,116,57,43,2,27,0,32,182,17,154
D:\engine\proteus\source\collision\prLine.cpp,47,18,10,7,10,0,19,113,16,100
D:\engine\proteus\source\collision\prLine.h,48,7,1,0,9,1,32,174,16,100
D:\engine\proteus\source\core\prApplication.cpp,42,11,4,0,7,0,24,114,18,102
D:\engine\proteus\source\core\prApplication_Android.cpp,271,137,73,17,44,2,90,317,18,102
D:\engine\proteus\source\core\prApplication_IOS.cpp,250,136,73,16,43,2,71,267,18,102
D:\engine\proteus\source\core\prApplication_Linux.cpp,248,148,81,21,43,1,57,214,18,102
D:\engine\proteus\source\core\prApplication_PC.cpp,594,375,214,75,110,2,109,450,18,102
D:\engine\proteus\source\core\prArgs.cpp,278,176,83,31,44,2,58,234,18,102
D:\engine\proteus\source\core\prATB.cpp,118,56,24,9,25,0,37,166,18,102
D:\engine\proteus\source\core\prBitArray.cpp,185,112,60,16,28,0,45,194,18,102
D:\engine\proteus\source\core\prCore.cpp,436,313,149,54,62,0,61,246,18,102
D:\engine\proteus\source\core\prCoreSystem.cpp,43,10,3,0,7,0,26,135,18,102
D:\engine\proteus\source\core\prMessageManager.cpp,85,36,18,3,15,0,34,155,18,102
D:\engine\proteus\source\core\prRegistry.cpp,194,114,60,16,38,0,42,191,18,102
D:\engine\proteus\source\core\prResource.cpp,56,19,11,0,10,0,27,124,18,102
D:\engine\proteus\source\core\prResourceManager.cpp,222,132,72,15,46,7,44,196,18,102
D:\engine\proteus\source\core\prString.cpp,413,245,132,26,68,0,100,306,18,102
D:\engine\proteus\source\core\prStringUtil.cpp,1199,754,428,159,248,5,197,913,18,102
D:\engine\proteus\source\core\prVersion.cpp,62,25,13,1,13,0,24,123,18,102
D:\engine\proteus\source\core\prWindow.cpp,46,15,9,0,7,0,24,114,18,102
D:\engine\proteus\source\core\prWindowProcedure.cpp,364,242,120,38,59,6,63,264,18,102
D:\engine\proteus\source\core\prWindow_Android.cpp,138,61,33,3,32,1,45,199,18,102
D:\engine\proteus\source\core\prWindow_Ios.cpp,138,61,33,3,32,1,45,199,18,102
D:\engine\proteus\source\core\prWindow_Linux.cpp,138,63,34,4,32,0,43,189,18,102
D:\engine\proteus\source\core\prWindow_PC.cpp,659,401,235,59,146,37,112,588,18,102
D:\engine\proteus\source\core\prApplication.h,137,24,17,0,26,3,87,363,16,86
D:\engine\proteus\source\core\prApplication_Android.h,91,18,7,0,21,2,52,197,16,86
D:\engine\proteus\source\core\prApplication_IOS.h,91,18,7,0,21,2,52,197,16,86
D:\engine\proteus\source\core\prApplication_Linux.h,90,18,7,0,20,2,52,197,16,86
D:\engine\proteus\source\core\prApplication_PC.h,139,29,16,0,28,2,82,339,16,86
D:\engine\proteus\source\core\prArgs.h,139,21,11,0,26,1,92,367,16,86
D:\engine\proteus\source\core\prATB.h,113,23,6,0,23,1,67,242,16,86
D:\engine\proteus\source\core\prBitArray.h,89,21,14,0,20,1,48,211,16,86
D:\engine\proteus\source\core\prContainers.h,32,8,2,0,7,1,17,104,16,86
D:\engine\proteus\source\core\prCore.h,197,50,13,0,32,4,115,453,16,86
D:\engine\proteus\source\core\prCoreSystem.h,65,16,8,0,16,3,33,157,16,86
D:\engine\proteus\source\core\prDefines.h,119,69,0,0,25,1,25,117,15,98
D:\engine\proteus\source\core\prList.h,403,160,102,10,70,4,173,875,43,223
D:\engine\proteus\source\core\prMacros.h,308,82,6,0,80,1,146,655,15,98
D:\engine\proteus\source\core\prMessage.h,106,36,24,0,18,6,52,216,16,86
D:\engine\proteus\source\core\prMessageManager.h,82,17,8,0,17,1,48,198,16,100
D:\engine\proteus\source\core\prRegistry.h,101,20,10,0,19,1,62,254,16,100
D:\engine\proteus\source\core\prResource.h,127,34,24,0,32,1,61,246,16,100
D:\engine\proteus\source\core\prResourceManager.h,194,68,38,10,33,1,93,363,16,100
D:\engine\proteus\source\core\prSingleton.h,100,52,18,6,19,3,29,159,16,86
D:\engine\proteus\source\core\prString.h,192,44,35,0,38,1,110,361,16,100
D:\engine\proteus\source\core\prStringShared.h,41,10,2,0,7,1,24,124,16,100
D:\engine\proteus\source\core\prStringUtil.h,418,41,36,0,45,1,332,1187,16,100
D:\engine\proteus\source\core\prTypes.h,141,92,77,0,24,1,25,129,15,98
D:\engine\proteus\source\core\prVersion.h,41,5,2,0,8,1,28,146,16,100
D:\engine\proteus\source\core\prVertex.h,48,15,9,0,13,1,20,113,16,100
D:\engine\proteus\source\core\prWaypoint.h,76,30,17,0,14,2,32,140,16,100
D:\engine\proteus\source\core\prWindow.h,116,27,20,0,24,8,65,268,16,86
D:\engine\proteus\source\core\prWindowProcedure.h,71,16,3,0,20,2,35,163,16,86
D:\engine\proteus\source\core\prWindow_Android.h,96,21,9,0,24,3,51,184,16,86
D:\engine\proteus\source\core\prWindow_Ios.h,95,21,9,0,24,3,50,182,16,86
D:\engine\proteus\source\core\prWindow_Linux.h,96,22,9,0,24,3,50,182,16,86
D:\engine\proteus\source\core\prWindow_PC.h,145,42,21,0,32,6,71,290,16,86
D:\engine\proteus\source\core\prList.inl,431,288,167,30,87,9,56,410,20,87
D:\engine\proteus\source\debug\prAssert.cpp,155,85,40,4,32,0,38,159,18,102
D:\engine\proteus\source\debug\prAssert_Android.cpp,139,78,40,4,28,0,33,144,18,102
D:\engine\proteus\source\debug\prAssert_Ios.cpp,138,77,40,4,28,0,33,144,18,102
D:\engine\proteus\source\debug\prAssert_Linux.cpp,124,77,40,4,28,0,19,48,3,4
D:\engine\proteus\source\debug\prConsoleWindow.cpp,198,115,59,13,43,0,40,176,18,102
D:\engine\proteus\source\debug\prDebug.cpp,137,79,21,3,33,0,25,128,18,102
D:\engine\proteus\source\debug\prFps.cpp,52,16,8,0,9,0,27,130,18,102
D:\engine\proteus\source\debug\prFps_PC.cpp,136,67,30,6,31,4,38,182,18,102
D:\engine\proteus\source\debug\prOnScreenLogger.cpp,184,108,54,15,28,0,48,188,18,102
D:\engine\proteus\source\debug\prTrace.cpp,196,111,55,11,35,5,50,246,18,102
D:\engine\proteus\source\debug\prAssert.h,187,82,18,6,39,2,66,306,16,100
D:\engine\proteus\source\debug\prConsoleWindow.h,78,21,10,0,26,2,31,158,16,100
D:\engine\proteus\source\debug\prDebug.h,81,26,2,0,22,2,33,158,16,100
D:\engine\proteus\source\debug\prDebugFont.h,17500,17482,2,0,3,0,15,98,15,98
D:\engine\proteus\source\debug\prFps.h,75,22,14,0,19,1,34,152,16,86
D:\engine\proteus\source\debug\prFps_PC.h,64,20,11,0,16,1,28,127,16,86
D:\engine\proteus\source\debug\prOnScreenLogger.h,87,23,12,0,21,1,43,166,16,86
D:\engine\proteus\source\debug\prTrace.h,87,15,5,0,16,1,56,282,16,100
D:\engine\proteus\source\display\prBackground.cpp,306,188,107,15,57,0,61,241,18,102
D:\engine\proteus\source\display\prBackgroundManager.cpp,129,69,25,8,23,0,37,165,18,102
D:\engine\proteus\source\display\prBitmapFont.cpp,1038,746,481,73,175,7,117,369,18,102
D:\engine\proteus\source\display\prCamera.cpp,194,97,33,2,44,0,53,184,18,102
D:\engine\proteus\source\display\prCameraManager.cpp,234,133,70,15,48,0,53,223,18,102
D:\engine\proteus\source\display\prColour.cpp,64,31,23,2,11,0,22,114,18,102
D:\engine\proteus\source\display\prFadeManager.cpp,267,165,82,10,46,0,56,215,18,102
D:\engine\proteus\source\display\prFixedWidthFont.cpp,320,200,124,12,63,0,57,204,18,102
D:\engine\proteus\source\display\prGLFont.cpp,234,136,62,7,46,1,52,224,18,102
D:\engine\proteus\source\display\prLookAt.cpp,222,133,90,4,45,1,44,209,18,102
D:\engine\proteus\source\display\prOglUtils.cpp,224,143,72,17,44,0,37,175,18,102
D:\engine\proteus\source\display\prPerspective.cpp,114,44,11,0,19,0,51,381,46,359
D:\engine\proteus\source\display\prRenderer.cpp,55,19,8,1,9,0,27,125,18,102
D:\engine\proteus\source\display\prRenderer_GL11.cpp,765,455,294,7,164,8,146,473,21,108
D:\engine\proteus\source\display\prSprite.cpp,561,321,191,31,117,0,123,410,18,102
D:\engine\proteus\source\display\prSpriteAnimation.cpp,162,85,43,13,32,0,45,189,18,102
D:\engine\proteus\source\display\prSpriteAnimationSequence.cpp,257,156,96,17,43,0,58,234,18,102
D:\engine\proteus\source\display\prSpriteManager.cpp,565,343,179,38,103,0,119,418,18,102
D:\engine\proteus\source\display\prTexture.cpp,662,483,271,45,91,1,88,291,18,102
D:\engine\proteus\source\display\prBackground.h,161,57,39,0,38,1,66,270,16,100
D:\engine\proteus\source\display\prBackgroundManager.h,91,21,12,0,24,1,46,205,16,100
D:\engine\proteus\source\display\prBitmapFont.h,126,34,17,0,25,1,67,261,16,100
D:\engine\proteus\source\display\prCamera.h,123,36,26,0,32,1,55,216,16,100
D:\engine\proteus\source\display\prCameraManager.h,106,25,17,0,26,1,55,207,16,100
D:\engine\proteus\source\display\prColour.h,107,47,34,0,21,12,39,219,16,100
D:\engine\proteus\source\display\prFadeManager.h,149,46,25,0,33,1,70,243,16,100
D:\engine\proteus\source\display\prFixedWidthFont.h,152,43,30,0,26,1,83,308,16,100
D:\engine\proteus\source\display\prGLFont.h,97,24,12,0,25,2,48,214,16,100
D:\engine\proteus\source\display\prLookAt.h,66,6,1,0,7,1,53,386,51,380
D:\engine\proteus\source\display\prOglUtils.h,60,13,4,0,15,1,32,175,16,100
D:\engine\proteus\source\display\prPerspective.h,58,4,1,0,7,1,47,355,45,344
D:\engine\proteus\source\display\prPvr.h,48,20,15,0,10,14,18,169,16,100
D:\engine\proteus\source\display\prRenderer.h,247,46,37,0,41,1,160,572,16,100
D:\engine\proteus\source\display\prRenderer_GL11.h,214,34,28,0,34,1,146,523,16,100
D:\engine\proteus\source\display\prSplash.h,2208,2190,2,0,3,0,15,98,15,98
D:\engine\proteus\source\display\prSprite.h,343,97,77,0,72,12,174,601,16,100
D:\engine\proteus\source\display\prSpriteAnimation.h,151,46,23,0,31,4,74,370,16,100
D:\engine\proteus\source\display\prSpriteAnimationSequence.h,149,48,34,1,34,14,67,314,16,100
D:\engine\proteus\source\display\prSpriteManager.h,190,51,37,0,39,4,100,399,22,136
D:\engine\proteus\source\display\prTexture.h,118,38,28,0,35,1,45,199,16,100
D:\engine\proteus\source\file\prFile.cpp,651,400,228,41,117,14,134,519,18,108
D:\engine\proteus\source\file\prFileManager.cpp,746,479,260,48,134,0,133,652,18,102
D:\engine\proteus\source\file\prFileShared.cpp,43,14,9,2,8,0,21,110,18,102
D:\engine\proteus\source\file\prFileSystem.cpp,377,245,129,49,79,0,53,237,18,102
D:\engine\proteus\source\file\prFile.h,99,30,21,0,26,1,43,197,16,100
D:\engine\proteus\source\file\prFileManager.h,142,47,32,0,30,14,65,294,16,100
D:\engine\proteus\source\file\prFileShared.h,174,77,51,0,40,23,57,320,16,100
D:\engine\proteus\source\file\prFileSystem.h,71,13,9,0,25,1,33,170,16,100
D:\engine\proteus\source\gui\prButton.cpp,242,135,76,15,44,0,63,213,18,102
D:\engine\proteus\source\gui\prGui.cpp,252,151,79,23,39,0,62,212,18,102
D:\engine\proteus\source\gui\prWidget.cpp,66,28,15,1,11,0,27,121,18,102
D:\engine\proteus\source\gui\prButton.h,118,53,36,0,28,1,37,150,16,100
D:\engine\proteus\source\gui\prButtonListener.h,45,9,4,0,8,1,28,148,16,100
D:\engine\proteus\source\gui\prGui.h,129,30,20,0,25,1,74,259,16,100
D:\engine\proteus\source\gui\prWidget.h,195,54,38,0,44,1,97,316,16,100
D:\engine\proteus\source\inAppPurchase\prInAppPurchase.cpp,343,211,107,28,65,0,67,235,18,102
D:\engine\proteus\source\inAppPurchase\prStore.cpp,77,26,12,1,15,0,36,149,18,102
D:\engine\proteus\source\inAppPurchase\prStore_android.cpp,70,21,7,0,17,1,32,135,18,102
D:\engine\proteus\source\inAppPurchase\prStore_bada.cpp,68,21,7,0,17,1,30,132,18,102
D:\engine\proteus\source\inAppPurchase\prStore_ios.cpp,121,28,10,1,26,1,67,225,18,102
D:\engine\proteus\source\inAppPurchase\prStore_linux.cpp,70,21,7,0,17,1,32,135,18,102
D:\engine\proteus\source\inAppPurchase\prStore_pc.cpp,68,21,7,0,17,1,30,132,18,102
D:\engine\proteus\source\inAppPurchase\prInAppPurchase.h,107,34,22,0,27,1,46,187,16,100
D:\engine\proteus\source\inAppPurchase\prStore.h,77,20,12,0,22,1,35,151,16,100
D:\engine\proteus\source\inAppPurchase\prStore_android.h,57,13,7,0,14,1,30,133,16,100
D:\engine\proteus\source\inAppPurchase\prStore_bada.h,57,13,7,0,14,1,30,133,16,100
D:\engine\proteus\source\inAppPurchase\prStore_ios.h,65,15,9,0,16,1,34,145,16,100
D:\engine\proteus\source\inAppPurchase\prStore_linux.h,58,14,7,0,14,1,30,133,16,100
D:\engine\proteus\source\inAppPurchase\prStore_pc.h,57,13,7,0,14,1,30,133,16,100
D:\engine\proteus\source\inAppPurchase\prTransactionResult.h,58,20,7,0,13,1,25,146,16,100
D:\engine\proteus\source\input\prMouse.cpp,207,110,64,9,43,0,54,233,18,102
D:\engine\proteus\source\input\prTouch.cpp,610,393,254,20,105,0,112,349,18,102
D:\engine\proteus\source\input\prMouse.h,281,93,42,0,58,19,130,607,16,100
D:\engine\proteus\source\input\prTouch.h,168,45,30,0,31,2,92,380,16,100
D:\engine\proteus\source\input\prTouchListener.h,64,11,5,0,11,1,42,161,16,100
D:\engine\proteus\source\ios\prIos.h,44,10,3,0,12,1,22,121,16,100
D:\engine\proteus\source\ios\prIosAudio.h,41,6,4,0,11,1,24,124,16,100
D:\engine\proteus\source\libzip\config.h,98,26,0,0,31,0,41,358,5,36
D:\engine\proteus\source\libzip\zip.h,231,154,57,0,34,72,43,622,0,0
D:\engine\proteus\source\libzip\zipint.h,265,166,116,1,57,57,42,577,0,0
D:\engine\proteus\source\linux\prLinuxInput.cpp,74,35,18,6,17,1,22,119,18,102
D:\engine\proteus\source\linux\prLinux.h,56,14,5,0,18,1,24,120,18,98
D:\engine\proteus\source\linux\prLinuxInput.h,42,11,2,0,13,1,18,110,16,100
D:\engine\proteus\source\locale\prLanguage.cpp,406,228,131,33,63,0,115,369,18,102
D:\engine\proteus\source\locale\prLocales.cpp,225,140,78,24,44,0,41,180,18,102
D:\engine\proteus\source\locale\prLanguage.h,141,54,30,2,29,6,58,256,16,86
D:\engine\proteus\source\locale\prLocales.h,65,23,6,0,12,9,30,160,26,127
D:\engine\proteus\source\lua\lapi.h,25,11,2,0,9,0,5,22,5,22
D:\engine\proteus\source\lua\lauxlib.h,213,113,62,0,70,6,30,127,5,23
D:\engine\proteus\source\lua\lcode.h,84,55,37,0,17,0,12,64,5,21
D:\engine\proteus\source\lua\lctype.h,96,39,1,0,32,3,25,122,5,21
D:\engine\proteus\source\lua\ldebug.h,35,17,6,0,12,0,6,30,5,23
D:\engine\proteus\source\lua\ldo.h,47,26,14,0,15,0,6,33,5,23
D:\engine\proteus\source\lua\lfunc.h,34,18,9,0,11,0,5,24,5,24
D:\engine\proteus\source\lua\lgc.h,158,77,19,0,40,8,41,343,5,19
D:\engine\proteus\source\lua\llex.h,79,46,32,0,19,13,14,119,5,19
D:\engine\proteus\source\lua\llimits.h,310,155,20,0,93,12,62,432,5,25
D:\engine\proteus\source\lua\lmem.h,58,29,3,1,16,0,13,69,5,21
D:\engine\proteus\source\lua\lobject.h,608,314,152,0,171,52,123,782,5,22
D:\engine\proteus\source\lua\lopcodes.h,289,124,8,0,77,47,88,853,5,22
D:\engine\proteus\source\lua\lparser.h,120,81,58,0,25,46,14,314,5,19
D:\engine\proteus\source\lua\lstate.h,229,139,101,0,41,66,49,653,5,19
D:\engine\proteus\source\lua\lstring.h,47,20,7,0,16,0,11,45,5,25
D:\engine\proteus\source\lua\ltable.h,46,27,14,0,13,0,6,31,5,20
D:\engine\proteus\source\lua\ltm.h,58,34,6,0,15,2,9,48,5,19
D:\engine\proteus\source\lua\lua.h,445,222,118,0,117,15,106,458,6,31
D:\engine\proteus\source\lua\luaconf.h,552,184,0,0,125,44,243,1587,5,21
D:\engine\proteus\source\lua\lualib.h,56,27,11,0,23,0,6,25,5,20
D:\engine\proteus\source\lua\lundump.h,29,10,3,0,9,0,10,53,5,21
D:\engine\proteus\source\lua\lvm.h,45,25,12,0,14,0,6,25,5,20
D:\engine\proteus\source\lua\lzio.h,66,34,17,0,26,7,6,53,5,19
D:\engine\proteus\source\lua\lua.hpp,10,5,1,0,2,0,3,17,3,17
D:\engine\proteus\source\math\prMathsUtil.cpp,136,64,31,2,37,14,35,309,18,102
D:\engine\proteus\source\math\prRandom.cpp,97,43,24,8,21,0,33,185,18,102
D:\engine\proteus\source\math\prRect.cpp,192,110,41,9,31,0,51,205,18,102
D:\engine\proteus\source\math\prRectF.cpp,213,125,45,13,34,0,54,223,18,102
D:\engine\proteus\source\math\prVector2.cpp,46,16,9,1,9,0,21,114,18,102
D:\engine\proteus\source\math\prVector3.cpp,47,17,10,1,9,0,21,114,18,102
D:\engine\proteus\source\math\prMathsUtil.h,166,88,45,10,28,9,50,267,16,100
D:\engine\proteus\source\math\prPoint.h,102,34,16,0,26,1,42,189,16,100
D:\engine\proteus\source\math\prRandom.h,47,8,4,0,15,1,24,145,16,100
D:\engine\proteus\source\math\prRect.h,197,37,27,0,33,1,127,355,16,86
D:\engine\proteus\source\math\prRectF.h,211,40,29,0,35,1,136,382,16,86
D:\engine\proteus\source\math\prVector2.h,137,52,32,0,39,5,46,191,16,86
D:\engine\proteus\source\math\prVector3.h,148,58,36,0,39,6,51,209,16,86
D:\engine\proteus\source\math\prVector2.inl,154,69,38,15,32,0,53,144,19,86
D:\engine\proteus\source\math\prVector3.inl,180,85,46,17,36,0,59,156,19,86
D:\engine\proteus\source\memory\prMemory.cpp,183,98,48,3,47,0,38,148,20,105
D:\engine\proteus\source\memory\prSpritePointerPool.cpp,293,175,100,27,52,0,66,297,18,102
D:\engine\proteus\source\memory\prMemory.h,103,25,8,0,23,4,55,308,16,100
D:\engine\proteus\source\memory\prMemoryPool.h,181,95,54,6,32,6,54,280,16,100
D:\engine\proteus\source\memory\prSpritePointerPool.h,157,31,21,0,29,6,97,474,16,100
D:\engine\proteus\source\online\prWeb_android.cpp,60,16,4,1,15,0,29,129,18,102
D:\engine\proteus\source\online\prWeb_bada.cpp,92,42,21,4,21,0,29,129,18,102
D:\engine\proteus\source\online\prWeb_ios.cpp,62,16,4,1,17,0,29,132,18,102
D:\engine\proteus\source\online\prWeb_pc.cpp,60,18,5,1,15,0,27,126,18,102
D:\engine\proteus\source\online\prWeb.h,46,10,5,0,9,1,27,129,16,100
D:\engine\proteus\source\particle\prParticle.cpp,38,7,2,0,7,0,24,114,18,102
D:\engine\proteus\source\particle\prParticleManager.cpp,38,7,2,0,7,0,24,114,18,102
D:\engine\proteus\source\particle\prParticle.h,40,9,4,0,10,1,21,109,16,100
D:\engine\proteus\source\particle\prParticleManager.h,42,9,4,0,10,1,23,120,16,100
D:\engine\proteus\source\persistence\prEncryption.cpp,140,98,20,4,15,0,27,126,18,102
D:\engine\proteus\source\persistence\prSave.cpp,484,307,158,32,91,9,86,289,18,102
D:\engine\proteus\source\persistence\prSaveBase.cpp,86,43,33,0,13,0,30,128,18,102
D:\engine\proteus\source\persistence\prSave_android.cpp,405,263,155,41,73,0,69,229,18,102
D:\engine\proteus\source\persistence\prSave_bada.cpp,399,256,149,40,74,0,69,229,18,102
D:\engine\proteus\source\persistence\prSave_ios.cpp,402,259,149,40,74,0,69,229,18,102
D:\engine\proteus\source\persistence\prSave_linux.cpp,406,260,152,41,73,1,73,238,18,102
D:\engine\proteus\source\persistence\prSave_pc.cpp,426,272,156,42,78,0,76,251,18,102
D:\engine\proteus\source\persistence\prEncryption.h,36,6,2,0,10,1,20,115,16,100
D:\engine\proteus\source\persistence\prSave.h,156,42,27,0,33,1,81,383,16,100
D:\engine\proteus\source\persistence\prSaveBase.h,97,29,22,0,24,1,44,167,16,100
D:\engine\proteus\source\persistence\prSave_android.h,91,26,15,0,28,1,37,168,16,100
D:\engine\proteus\source\persistence\prSave_bada.h,91,26,15,0,28,1,37,168,16,100
D:\engine\proteus\source\persistence\prSave_ios.h,91,26,15,0,28,1,37,168,16,100
D:\engine\proteus\source\persistence\prSave_linux.h,91,26,15,0,28,1,37,168,16,100
D:\engine\proteus\source\persistence\prSave_pc.h,92,26,15,0,29,1,37,168,16,100
D:\engine\proteus\source\thread\prMutex.cpp,117,48,13,1,27,0,42,171,18,102
D:\engine\proteus\source\thread\prMutex.h,81,29,8,0,24,1,28,139,16,100
D:\engine\proteus\source\thread\prThread.h,16,12,6,0,4,1,0,8,0,8
D:\engine\proteus\source\tinyxml\tinystr.cpp,112,69,48,8,19,1,24,142,22,134
D:\engine\proteus\source\tinyxml\tinyxml.cpp,1818,1378,843,328,328,13,112,737,23,140
D:\engine\proteus\source\tinyxml\tinyxmlerror.cpp,53,20,2,0,4,0,29,181,23,145
D:\engine\proteus\source\tinyxml\tinyxmlparser.cpp,1638,1231,708,293,189,42,218,1630,23,140
D:\engine\proteus\source\tinyxml\tinystr.h,306,173,100,19,58,5,75,514,22,134
D:\engine\proteus\source\tinyxml\tinyxml.h,1809,804,530,45,260,93,745,5558,23,140
D:\engine\proteus\source\tool\AntTweakBar.h,379,278,105,0,51,30,50,389,17,62
D:\engine\proteus\source\utf8proc\utf8proc.cpp,589,514,298,134,28,0,47,331,36,243
D:\engine\proteus\source\utf8proc\utf8proc.h,386,157,40,0,28,0,201,1600,46,354
D:\engine\proteus\source\utf8proc\utf8proc_data.h,13384,13334,5628,0,8,0,42,379,42,379
D:\engine\proteus\source\util\prFill.cpp,191,157,89,11,24,1,10,21,0,0
D:\engine\proteus\source\util\prFill.h,18,7,3,0,11,1,0,1,0,0
D:\engine\proteus\source\zlib\crc32.h,442,437,10,0,2,0,3,13,3,13
D:\engine\proteus\source\zlib\deflate.h,347,155,95,0,65,53,127,1351,9,57
D:\engine\proteus\source\zlib\inffast.h,12,1,1,0,3,0,8,56,8,56
D:\engine\proteus\source\zlib\inffixed.h,95,84,548,0,4,0,7,42,7,42
D:\engine\proteus\source\zlib\inflate.h,123,73,38,0,6,66,44,749,12,97
D:\engine\proteus\source\zlib\inftrees.h,63,16,8,0,7,3,40,418,21,215
D:\engine\proteus\source\zlib\trees.h,129,120,966,0,8,0,1,6,1,6
D:\engine\proteus\source\zlib\zconf.h,512,403,16,0,46,22,63,589,5,30
D:\engine\proteus\source\zlib\zlib.h,1769,279,134,0,122,35,1368,11661,29,193
D:\engine\proteus\source\zlib\zutil.h,254,183,26,1,43,13,28,253,9,62
